"feature","selection_proportion","selected","source_variable","group"
"employmentUnemployed",0.918,TRUE,"employment","exposure"
"triglycerides",0.892,TRUE,"triglycerides","biological"
"alcohol_consumptionModerate drinker",0.881,TRUE,"alcohol_consumption","exposure"
"meds_chol_bp_diabetes_hormone_collapsedYes",0.802,TRUE,"meds_chol_bp_diabetes_hormone_collapsed","biological"
"employmentUnable to work",0.791,TRUE,"employment","exposure"
"smoking_status_refinedFormer_Long",0.79,TRUE,"smoking_status_refined","exposure"
"serious_dxYes - you will be asked about this later by an interviewer",0.784,TRUE,"serious_dx","biological"
"diabetes_doctor_diagnosedYes",0.711,FALSE,"diabetes_doctor_diagnosed","biological"
"lpa",0.705,FALSE,"lpa","biological"
"whr",0.65,FALSE,"whr","biological"
"alp",0.577,FALSE,"alp","biological"
"highest_qualificationO-levels/GCSEs",0.571,FALSE,"highest_qualification","exposure"
"dbp",0.555,FALSE,"dbp","biological"
"salt_addedSometimes",0.546,FALSE,"salt_added","exposure"
"mi_dx_age",0.538,FALSE,"mi_dx_age","biological"
"stroke_dx_age",0.529,FALSE,"stroke_dx_age","biological"
"dvt_dx_age",0.528,FALSE,"dvt_dx_age","biological"
"housingRenter",0.527,FALSE,"housing","exposure"
"hba1c",0.504,FALSE,"hba1c","biological"
"heart_problems_collapsedYes",0.498,FALSE,"heart_problems_collapsed","biological"
"platelets",0.497,FALSE,"platelets","biological"
"crp",0.493,FALSE,"crp","biological"
"total_cholesterol",0.453,FALSE,"total_cholesterol","biological"
"breastfedYes",0.447,FALSE,"breastfed","exposure"
"household_income31-52k",0.428,FALSE,"household_income","exposure"
"no2_2010",0.424,FALSE,"no2_2010","exposure"
"mh_sought_helpYes",0.415,FALSE,"mh_sought_help","exposure"
"monocyte_count",0.386,FALSE,"monocyte_count","biological"
"pe_dx_age",0.384,FALSE,"pe_dx_age","biological"
"maternal_smoking_birthYes",0.383,FALSE,"maternal_smoking_birth","exposure"
"ast",0.379,FALSE,"ast","biological"
"highest_qualificationCSEs",0.376,FALSE,"highest_qualification","exposure"
"alcohol_consumptionSocial drinker",0.374,FALSE,"alcohol_consumption","exposure"
"alcohol_consumptionFormer drinker",0.368,FALSE,"alcohol_consumption","exposure"
"sleep_hrs",0.368,FALSE,"sleep_hrs","exposure"
"neutrophill_count",0.354,FALSE,"neutrophill_count","biological"
"passive_total_hrs",0.35,FALSE,"passive_total_hrs","exposure"
"urban_rural_3lvlTown",0.34,FALSE,"urban_rural_3lvl","exposure"
"apob",0.318,FALSE,"apob","biological"
"salt_addedAlways",0.307,FALSE,"salt_added","exposure"
"creatinine",0.3,FALSE,"creatinine","biological"
"angina_dx_age",0.299,FALSE,"angina_dx_age","biological"
"neuroticism_score",0.296,FALSE,"neuroticism_score","exposure"
"household_income>100k",0.294,FALSE,"household_income","exposure"
"pack_yrs",0.289,FALSE,"pack_yrs","exposure"
"diet_score",0.276,FALSE,"diet_score","exposure"
"housingOther",0.273,FALSE,"housing","exposure"
"highest_qualificationA-levels",0.271,FALSE,"highest_qualification","exposure"
"household_income18-31k",0.266,FALSE,"household_income","exposure"
"pm10_2010",0.245,FALSE,"pm10_2010","exposure"
"body_fat_mass",0.241,FALSE,"body_fat_mass","biological"
"household_income52-100k",0.238,FALSE,"household_income","exposure"
"household_size6+ people",0.237,FALSE,"household_size","exposure"
"passive_catHigh",0.233,FALSE,"passive_cat","exposure"
"met_min_week_all",0.232,FALSE,"met_min_week_all","exposure"
"cystatin_c",0.228,FALSE,"cystatin_c","biological"
"hdl_cholesterol",0.226,FALSE,"hdl_cholesterol","biological"
"household_size3-5 people",0.225,FALSE,"household_size","exposure"
"meds_chol_bp_diabetes_collapsedYes",0.222,FALSE,"meds_chol_bp_diabetes_collapsed","biological"
"heel_bone_density",0.219,FALSE,"heel_bone_density","biological"
"lymphocyte_count",0.219,FALSE,"lymphocyte_count","biological"
"work_job_satisfaction_num",0.217,FALSE,"work_job_satisfaction_num","exposure"
"passive_catLow",0.211,FALSE,"passive_cat","exposure"
"birth_weight",0.208,FALSE,"birth_weight","exposure"
"ggt",0.208,FALSE,"ggt","biological"
"sleep_catLong",0.206,FALSE,"sleep_cat","exposure"
"albumin",0.204,FALSE,"albumin","biological"
"insomniaUsually",0.204,FALSE,"insomnia","exposure"
"long_illYes",0.199,FALSE,"long_ill","biological"
"smoking_status_refinedFormer_Recent",0.197,FALSE,"smoking_status_refined","exposure"
"employmentOther economically inactive",0.196,FALSE,"employment","exposure"
"grip_strength",0.196,FALSE,"grip_strength","biological"
"insomniaSometimes",0.194,FALSE,"insomnia","exposure"
"comparative_body_size_10Plumper",0.193,FALSE,"comparative_body_size_10","exposure"
"alt",0.191,FALSE,"alt","biological"
"highest_qualificationProfessional (nursing/teaching)",0.191,FALSE,"highest_qualification","exposure"
"household_size2 people",0.191,FALSE,"household_size","exposure"
"bilirubin",0.188,FALSE,"bilirubin","biological"
"highest_qualificationVocational (NVQ/HND/HNC)",0.188,FALSE,"highest_qualification","exposure"
"comparative_body_size_10About average",0.179,FALSE,"comparative_body_size_10","exposure"
"urban_rural_3lvlRural",0.179,FALSE,"urban_rural_3lvl","exposure"
"salt_addedUsually",0.168,FALSE,"salt_added","exposure"
"wbc",0.163,FALSE,"wbc","biological"
"employmentRetired",0.16,FALSE,"employment","exposure"
"pm2.5_2010",0.158,FALSE,"pm2.5_2010","exposure"
"highest_qualificationUniversity degree",0.152,FALSE,"highest_qualification","exposure"
"apoa1",0.126,FALSE,"apoa1","biological"
"smoking_status_refinedCurrent",0.112,FALSE,"smoking_status_refined","exposure"
"sleep_catShort",0.09,FALSE,"sleep_cat","exposure"
"alcohol_consumptionDaily drinker",0.078,FALSE,"alcohol_consumption","exposure"
"ldl_direct",0.011,FALSE,"ldl_direct","biological"
